image_path,label
dataset/images/img_0000.jpg,1
dataset/images/img_0001.jpg,1
dataset/images/img_0002.jpg,1
dataset/images/img_0003.jpg,1
dataset/images/img_0004.jpg,1
dataset/images/img_0005.jpg,0
dataset/images/img_0006.jpg,0
dataset/images/img_0007.jpg,1
dataset/images/img_0008.jpg,0
dataset/images/img_0009.jpg,0
dataset/images/img_0010.jpg,0
dataset/images/img_0011.jpg,1
dataset/images/img_0012.jpg,0
dataset/images/img_0013.jpg,0
dataset/images/img_0014.jpg,1
dataset/images/img_0015.jpg,1
dataset/images/img_0016.jpg,0
dataset/images/img_0017.jpg,0
dataset/images/img_0018.jpg,0
dataset/images/img_0019.jpg,1
dataset/images/img_0020.jpg,1
dataset/images/img_0021.jpg,1
dataset/images/img_0022.jpg,1
dataset/images/img_0023.jpg,1
dataset/images/img_0024.jpg,0
dataset/images/img_0025.jpg,0
dataset/images/img_0026.jpg,1
dataset/images/img_0027.jpg,1
dataset/images/img_0028.jpg,0
dataset/images/img_0029.jpg,0
dataset/images/img_0030.jpg,0
dataset/images/img_0031.jpg,1
dataset/images/img_0032.jpg,0
dataset/images/img_0033.jpg,1
dataset/images/img_0034.jpg,1
dataset/images/img_0035.jpg,0
dataset/images/img_0036.jpg,1
dataset/images/img_0037.jpg,1
dataset/images/img_0038.jpg,0
dataset/images/img_0039.jpg,0
dataset/images/img_0040.jpg,0
dataset/images/img_0041.jpg,0
dataset/images/img_0042.jpg,1
dataset/images/img_0043.jpg,1
dataset/images/img_0044.jpg,0
dataset/images/img_0045.jpg,1
dataset/images/img_0046.jpg,1
dataset/images/img_0047.jpg,1
dataset/images/img_0048.jpg,1
dataset/images/img_0049.jpg,0
dataset/images/img_0050.jpg,1
dataset/images/img_0051.jpg,1
dataset/images/img_0052.jpg,1
dataset/images/img_0053.jpg,1
dataset/images/img_0054.jpg,1
dataset/images/img_0055.jpg,1
dataset/images/img_0056.jpg,0
dataset/images/img_0057.jpg,1
dataset/images/img_0058.jpg,1
dataset/images/img_0059.jpg,1
dataset/images/img_0060.jpg,1
dataset/images/img_0061.jpg,1
dataset/images/img_0062.jpg,1
dataset/images/img_0063.jpg,0
dataset/images/img_0064.jpg,0
dataset/images/img_0065.jpg,1
dataset/images/img_0066.jpg,1
dataset/images/img_0067.jpg,1
dataset/images/img_0068.jpg,0
dataset/images/img_0069.jpg,1
dataset/images/img_0070.jpg,0
dataset/images/img_0071.jpg,0
dataset/images/img_0072.jpg,1
dataset/images/img_0073.jpg,0
dataset/images/img_0074.jpg,0
dataset/images/img_0075.jpg,0
dataset/images/img_0076.jpg,0
dataset/images/img_0077.jpg,0
dataset/images/img_0078.jpg,1
dataset/images/img_0079.jpg,0
dataset/images/img_0080.jpg,1
dataset/images/img_0081.jpg,1
dataset/images/img_0082.jpg,0
dataset/images/img_0083.jpg,0
dataset/images/img_0084.jpg,0
dataset/images/img_0085.jpg,1
dataset/images/img_0086.jpg,1
dataset/images/img_0087.jpg,0
dataset/images/img_0088.jpg,1
dataset/images/img_0089.jpg,0
dataset/images/img_0090.jpg,1
dataset/images/img_0091.jpg,1
dataset/images/img_0092.jpg,0
dataset/images/img_0093.jpg,0
dataset/images/img_0094.jpg,1
dataset/images/img_0095.jpg,0
dataset/images/img_0096.jpg,1
dataset/images/img_0097.jpg,1
dataset/images/img_0098.jpg,1
dataset/images/img_0099.jpg,0
dataset/images/img_0100.jpg,1
dataset/images/img_0101.jpg,0
dataset/images/img_0102.jpg,1
dataset/images/img_0103.jpg,0
dataset/images/img_0104.jpg,0
dataset/images/img_0105.jpg,1
dataset/images/img_0106.jpg,0
dataset/images/img_0107.jpg,0
dataset/images/img_0108.jpg,0
dataset/images/img_0109.jpg,0
dataset/images/img_0110.jpg,0
dataset/images/img_0111.jpg,1
dataset/images/img_0112.jpg,0
dataset/images/img_0113.jpg,1
dataset/images/img_0114.jpg,0
dataset/images/img_0115.jpg,1
dataset/images/img_0116.jpg,1
dataset/images/img_0117.jpg,1
dataset/images/img_0118.jpg,1
dataset/images/img_0119.jpg,0
dataset/images/img_0120.jpg,1
dataset/images/img_0121.jpg,1
dataset/images/img_0122.jpg,1
dataset/images/img_0123.jpg,1
dataset/images/img_0124.jpg,1
dataset/images/img_0125.jpg,1
dataset/images/img_0126.jpg,1
dataset/images/img_0127.jpg,1
dataset/images/img_0128.jpg,0
dataset/images/img_0129.jpg,0
dataset/images/img_0130.jpg,1
dataset/images/img_0131.jpg,0
dataset/images/img_0132.jpg,1
dataset/images/img_0133.jpg,1
dataset/images/img_0134.jpg,0
dataset/images/img_0135.jpg,1
dataset/images/img_0136.jpg,0
dataset/images/img_0137.jpg,1
dataset/images/img_0138.jpg,1
dataset/images/img_0139.jpg,1
dataset/images/img_0140.jpg,0
dataset/images/img_0141.jpg,1
dataset/images/img_0142.jpg,1
dataset/images/img_0143.jpg,1
dataset/images/img_0144.jpg,0
dataset/images/img_0145.jpg,0
dataset/images/img_0146.jpg,1
dataset/images/img_0147.jpg,1
dataset/images/img_0148.jpg,0
dataset/images/img_0149.jpg,1
dataset/images/img_0150.jpg,0
dataset/images/img_0151.jpg,1
dataset/images/img_0152.jpg,1
dataset/images/img_0153.jpg,1
dataset/images/img_0154.jpg,1
dataset/images/img_0155.jpg,1
dataset/images/img_0156.jpg,1
dataset/images/img_0157.jpg,1
dataset/images/img_0158.jpg,1
dataset/images/img_0159.jpg,1
dataset/images/img_0160.jpg,0
dataset/images/img_0161.jpg,1
dataset/images/img_0162.jpg,0
dataset/images/img_0163.jpg,0
dataset/images/img_0164.jpg,1
dataset/images/img_0165.jpg,1
dataset/images/img_0166.jpg,1
dataset/images/img_0167.jpg,1
dataset/images/img_0168.jpg,1
dataset/images/img_0169.jpg,1
dataset/images/img_0170.jpg,0
dataset/images/img_0171.jpg,0
dataset/images/img_0172.jpg,0
dataset/images/img_0173.jpg,0
dataset/images/img_0174.jpg,1
dataset/images/img_0175.jpg,1
dataset/images/img_0176.jpg,0
dataset/images/img_0177.jpg,0
dataset/images/img_0178.jpg,0
dataset/images/img_0179.jpg,0
dataset/images/img_0180.jpg,0
dataset/images/img_0181.jpg,0
dataset/images/img_0182.jpg,1
dataset/images/img_0183.jpg,1
dataset/images/img_0184.jpg,0
dataset/images/img_0185.jpg,0
dataset/images/img_0186.jpg,0
dataset/images/img_0187.jpg,0
dataset/images/img_0188.jpg,1
dataset/images/img_0189.jpg,0
dataset/images/img_0190.jpg,1
dataset/images/img_0191.jpg,1
dataset/images/img_0192.jpg,0
dataset/images/img_0193.jpg,1
dataset/images/img_0194.jpg,1
dataset/images/img_0195.jpg,0
dataset/images/img_0196.jpg,1
dataset/images/img_0197.jpg,0
dataset/images/img_0198.jpg,1
dataset/images/img_0199.jpg,0
